ens,ensAddress,fid
dwr.eth,0xD7029BDEa1c17493893AAfE29AAD69EF892B8ff2,3
mircea.eth,0x4685Bb0077179b45095a3C2A175acd9B3Cd59D1c,5
cdixon.eth,0xe11BFCBDd43745d4Aa6f4f18E24aD24f4623af04,25
balajis.eth,0x0916C04994849c676ab2667Ce5bbDF7CcC94310a,37
sriramk.eth,0x78AB747D6675AB1dfeE31D0BfB6862124565AefC,43
dcposch.eth,0xc60A0A0E8bBc32DAC2E03030989AD6BEe45A874D,56
liam.eth,0x2Fe31e981032bfcD71CCE70A4AB5e4214F8b4860,80
jessepollak.eth,0x6e0d9c6dd8a08509bB625CAa35dc61a991406F62,99
perceptive.eth,0xEeFec5734F649Fd1A356894319d3d7393B6b0f8B,108
jasoncrawford.eth,0x4886a82C20BaF3D63A3CECECd36DFcBacdb070A8,159
nickgrossman.eth,0xd3DD62E5ad098d2220E3921d41494fB9754c1BF1,168
fredwilson.eth,0x2Cb5Ae51861A4a6E8568b527cAFC3891317Ac94d,169
derekbrown.eth,0x6b3210caa59c0367EdC0b0e60636dB02A623cE58,193
zconn.eth,0x86c3854CbcF98c8932935d599A98d737C10d8DA2,198
yekim.eth,0xF723d05F10E8503FEaBA5CFBb9A5513Eb8ECbfd6,260
dfmerin.eth,0x282173335ae1F328b34Eb9Acadc052E59E70A89f,262
vrypan.eth,0x93c620D2aF377C6C37e3E3c1d3E065eb04b08aE2,280
evav.eth,0x78d32460D0a53Ac2678e869Eb6b4f6bA9d2Ef360,290
etekis.eth,0x789E8DD02FfCCd7A753B048559d4FBeA1e1a1b7c,294
dimalaba.eth,0xD663594024deE1aC1a72fadB44Bb4BdDCa63BCC9,297
bgrill.eth,0xE7657Ab31a15A0A2E024bA12ab85967FEC4253bc,311
lesgreys.eth,0xfF51cc1519c7a61144d3FF6F883122f150752445,312
shotbydanni.eth,0xA4714E6CE23fD4da2Df09Fc125A21C69d68D779f,340
corbin.eth,0x869eC00FA1DC112917c781942Cc01c68521c415e,358
nibnalin.eth,0xF05b5f04B7a77Ca549C0dE06beaF257f40C66FDB,363
shanemac.eth,0xa64af7F78DE39A238Ecd4ffF7D6D410DBACe2dF0,375
srijan.eth,0x950615b7fDFfb113BA53801EA6129AE7E372558e,377
delronde.eth,0x2206445D241cCB7DAE93B2D2acFC67f75B90fD76,389
brianjckim.eth,0xa35156ca4294c13fe256B10091F3D6595E3Bf7d7,426
j4ck.eth,0xDFe8beeE223412F316baf2968B17527D6EbA29F1,431
zook.eth,0x520595ABC1Af2BB7ed904282e1A73b6d81855a21,435
ckurdziel.eth,0x201BE631a06CC2922532acc00Fe39Da0f87c8985,442
dfern.eth,0xA01f6D0985389a8E106D3158A9441aC21EAC8D8c,453
adiba.eth,0x37BB132A7b0cE38168F7be0701FF38c9898BCcE7,456
zachterrell.eth,0x5A492d1e15f2ae4B418e424BA9A1D112d6E9706A,457
dankenney.eth,0x5092678D89ED88A75f8BA906e1763D357D177531,463
yalamanchi.eth,0xa0a112f44b44d49C8401cc7f223566187cAcd2E4,467
ccarella.eth,0x3B60e31CFC48a9074CD5bEbb26C9EAa77650a43F,472
datadanne.eth,0xBDfeB5439f5daecb78A17Ff846645A8bDBbF5725,518
musnit.eth,0xeF42cF85bE6aDf3081aDA73aF87e27996046fE63,523
shoni.eth,0x11C47Bb644cBAa54c7Bc651D46B9B399DA832171,533
mikedemarais.eth,0xE5501BC2B0Df6D0D7daAFC18D2ef127D9e612963,534
nonlinear.eth,0xb6f6Dce6000cA88cC936B450cEDB16a5c15f157f,576
dinislam.eth,0xc10124f122A1F7a9835eC853fc11C78e1a478B47,589
mirshko.eth,0xf6fDeE29e3A14610fdbE187e2d3442543cfA45B8,601
betashop.eth,0xeaf55242a90bb3289dB8184772b0B98562053559,602
dylsteck.eth,0x7e37C3A9349227B60503DDB1574A76d10C6bc48E,616
matallo.eth,0xCf7ecA52dE76E72e562ADddb513CeF4c609f1fd2,626
nickbytes.eth,0xBe260B86e2eE35A406F9154107f242882aB00aEe,631
jkg.eth,0x02a6cB87a1f11406895EcF342c6c7d38cfEF5Cdf,643
woj.eth,0xF417ACe7b13c0ef4fcb5548390a450A4B75D3eB3,680
yondon.eth,0x7cCc961d071e4E892C559076242df9b27da11785,688
ayushm.eth,0x5B172915fbf880dB099b9E14635630E29d134eCB,716
fiveoutofnine.eth,0xA85572Cd96f1643458f17340b6f0D6549Af482F5,733
jonathanking.eth,0xDeEc375C4Da60D09f3d0a00bF71DA36fF6C086Dd,737
alexmasmej.eth,0xD3e9D60e4E4De615124D5239219F32946d10151D,738
codyb.eth,0x40FF52E1848660327F16ED96a307259Ec1D757eB,746
adamsoffer.eth,0x27D5bC8fC3251541f9b17d87a53E86e764d1Db4E,749
alvesjtiago.eth,0x94876F659a55bA40E53EB17D9B250a6410b3cbaB,762
jpren.eth,0x78A42a84bFE3E173C3A9246b3F5F1c5Aa8BBaE72,771
drews.eth,0xfee41E0f01112d9BDaa73A5a368F4aFB4d9bAa08,794
scottrepreneur.eth,0x68d36DcBDD7Bbf206e27134F28103abE7cf972df,828
gabrielayuso.eth,0xcEb78aBFad166C11e350156fd671b385265a6C87,834
slobo.eth,0x534631Bcf33BDb069fB20A93d2fdb9e4D4dD42CF,851
kalelabs.eth,0xc69cCAdc19e9A9AEc6f1f74F796f57Ae34574A63,871
accountless.eth,0x2F60D2BB84Eb8df6951F7215ef035eF052BA2725,880
shuel.eth,0x4c9ed69BdD33BF3Dad8B5B54c0812DFF54fD032A,910
everlastingos.eth,0x24eb774b90CB1Afb815C94E4cca07FbC38D08C89,911
spdy.eth,0x431CA0f13C64c302c554d3756CE7399eA18C1183,939
ncitron.eth,0xf6401adc23Faa6B9AD83eA8604CA7254CB7F53e7,941
conabot.eth,0xbfd01361F7526749bd943733E9C425A4190fA1ce,954
mboyle.eth,0x440DAA861400Bf754B83121479Bf26895F1Df7C4,955
nikhilraman.eth,0x6c0D14C67CCa5E944f2eB168EC4196e2c4658068,964
witters.eth,0xC1167beB8dEe109CF907AC12a5Db411FE748a000,987
mishaal.eth,0x9b82519192a552D8532F584201a0256eCf1A6759,988
doublespends.eth,0x185Edd1553735e2BD47db34B823A4cF6353e1B37,993
harper.eth,0xE7e84204B7e180454e5C40d0e04D346214a83f85,1010
balazsbezi.eth,0xF298A514fB38475EF2893759Fb71251DaeD43bFb,1030
tahos.eth,0x11dc744F9b69b87a1eb19C3900e0fF85B6853990,1096
wieldprotocol.eth,0x64a571634e77e43999D80cde959726cDEACd65e9,1154
benmills.eth,0xe54Eb99f14D8abEDdb78C329C2D9014E0D410110,1193
0xplus7.eth,0xa68300AF16eAa2aF979C3706bbaB39c677857602,1222
0xbenersing.eth,0xA63565BE17275cdE58196965B2885e675875Cb8F,1285
krel.eth,0xA86882277E69FbF0a51805cdc8b0a3a113079E63,1301
rgboop.eth,0x5AdF1C982Bde935cE98a07E115fF8D09254Ecb1B,1303
0xdesigner.eth,0xAbb485fdC925dc375B5d095a30fcae7f136Fd007,1317
pdeth.eth,0x612ab7bfAF4F3414f071803d8b84b28430CA2e6d,1379
ansgar.eth,0xb7A593EC62dc447eef23ea0e0B4d5144ac75ABC5,1380
wijuwiju.eth,0xF4844a06d4f995C4c03195AfcB5Aa59dCBB5b4Fc,1430
supriyo.eth,0x7f64C6e6908DE72221A06A06b4a02A6546a4d6d2,1556
sammdec.eth,0x2aE5f36C77A736f76d61F3eEC06F12CAF2963fD6,1864
thatalexpalmer.eth,0x3601a913fD3466f30f5ABb978E484d1B37Ce995D,1996
jacopo.eth,0xf32dd1Bd55bD14d929218499a2E7D106F72f79c7,2007
thegbemiga.eth,0xB77ce6ec08B85DcC468B94Cea7Cc539a3BbF9510,2037
timi.eth,0xa62ba163e57219fa1e67ec21cC101B5E5167D111,2062
saarw.eth,0x5346ecd227167A562a8f0765D3893F7cC3916630,2076
dob.eth,0x181EEBf932F231A4f7119B728998487B2Ef56594,2084
ananthsridhar.eth,0x270DE0Ae1BEF06d1de5cdBDcF411357f5784eD2e,2126
seanwbren.eth,0x0cb27e883E207905AD2A94F9B6eF0C7A99223C37,2139
tidus.eth,0xc84FD9570231e20e59fBa328D61e1bc4bCBAb39a,2179
paulcowgill.eth,0x18eC99d6665AdB5d7d680DFEe58b2461D5A2C54a,2194
dajmeri.eth,0x174a33ECaf4f4b52cF05274392ea0c9c91C7980d,2209
xuanmir.eth,0xcc3c930cc2114A29106F90c10c8E32D2d770F79b,2219
rohitmalekar.eth,0x2dd2036C9Db2ADA2739509AF0047c00C8b9291EF,2245
jalil.eth,0xe11Da9560b51f8918295edC5ab9c0a90E9ADa20B,2270
yousufhaque.eth,0x036e3972F2b499699414Fe9476D496ca2F8C824B,2297
veekay.eth,0x947Caf5AdA865ACE0c8de0ffD55de0C02E5F6B54,2329
biron.eth,0xFc5f56d9957789CB4c3FBFa855cDe02121035567,2333
tylerpixel.eth,0xe7279b858193DF08BffAF10CAe8Fa5166941a444,2349
dhadrien.eth,0x8ab1760889F26cBbf33A75FD2cF1696BFccDc9e6,2390
robrecht.eth,0x4C4AE926A706349fd16700b4f368a4a0Cd4a67e4,2417
kevinj.eth,0xB2CC9312a64fA831307Cf1aBdD237664ebc77F8c,2434
grunt.eth,0xeA310C966D3Ff5E09c65487f1763B21361Eb71eF,2441
notdevin.eth,0x6689B9D1642bb413C74c35EeBA13165F755f26FE,2455
mccoy.eth,0x19bfA29Ce0d61290BA3f64Be2700d41850873fAD,2486
rhuairahairidh.eth,0x1Ca37a7CdE3A6629cf5dC6f13fDEe7c03aD481c5,2548
zaak.eth,0x77ac30452890E5210CB334f601a0A6E8F0A5201B,2558
basche42.eth,0xAA1b01270A5BF5B981bF07a28C9def8d39625997,2586
cfeng.eth,0xFdFC6E1BbEc01288447222fC8F1AEE55a7C72b7B,2610
0xmigi.eth,0xB789adBb6143038c5048fBF4F410c7E69C6Fced6,2694
cypherpunk21.eth,0x011Bf83d4880418D1d23f04640e72b0125B8Fbd8,2696
jasonoutland.eth,0x99F4f03F53dc5Cb4A1bb01EBBE29a5A4104C1Ead,2713
craigbrentz.eth,0xC63d6ea064f65F3c0836f6D69E86Ac371D03250d,2729
annoushka.eth,0x7e07064E5A921A57Eb29C22F179B20513e8a3485,2736
taytems.eth,0x8e8Db5CcEF88cca9d624701Db544989C996E3216,2771
peerbase.eth,0x7582Cde92962A71143185A6f8F397F52cC86ECFf,2790
martinbreiten.eth,0xB32792A81085001713E571f3B5794409E587A258,2792
piyushh.eth,0x5cb97b63a08C8d39bEB02C06f1e6b2681bdFf45C,2828
dashutch.eth,0xFE91BB5176f645Cdb34d5a03c3F5aa6F4629e141,2849
abhir.eth,0xDf440C14103AF0E3F4293BfdD8b21754E02d1bAD,2878
meyanis.eth,0xcB7eA0eC36670AA13088C4372fe8636D4D2b574f,2893
gaurang.eth,0x0040DAAC32D83c78546ae36dA42A496B28ab09E1,2915
brittenwolf.eth,0x8c3dE1f6375c0f0c1A3884334bD1Bb12c881eB7a,2941
mulfdev.eth,0x75A6085Bbc25665B6891EA94475E6120897BA90b,2950
bigpapajon.eth,0x7a4b81A0D393676890C1Ea92C238d8335faE1Ae6,3000
hsuanting.eth,0x70924482fd908923C8a7BC3E4c24dF76561Ea1ea,3023
shamal.eth,0xa3C5216C80Fa3f20ee9cC234934d9f298Ef6f6dC,3081
rileybeans.eth,0x54A80e0417008dB88036F4Fb2C4646264717f7a6,3112
ghostlinkz.eth,0x05FF7cC8B490B38898744037f951F3247673C2ed,3115
artful.eth,0x2FbEa2829b51fF4C5f202beaE970075847BAABa4,3116
captpizza.eth,0x06B678AC37940aF0d4359eC10abd2c14615df83e,3135
spencermarell.eth,0x0C71557b4aD81E07034DD9C04E232f17BB0B4Aa3,3164
shl0ms.eth,0x38488DCa8dccFEebfD3CC298436134e3b3aF6B8B,3174
venables.eth,0x6FE2F9eB1c5b6E3c71a84373f03aBCC7Df13947C,3215
dinoeggs.eth,0x7252Ff5703260D0724A6Ce7e3934D04ec59Cd72F,3219
mantej.eth,0x3c9D92A145b17b7dF69d22eFF292499B2849ee83,3306
baatin.eth,0xE59C9Ca7FFA00471AA2ADA42C0a65C6CaabD06B8,3312
crispz.eth,0x4c99CB95545E1F91C62910c144D32F7E44B923bd,3454
nintynick.eth,0x516cAfD745Ec780D20f61c0d71fe258eA765222D,3558
joshbreite.eth,0x57B02589d6e24203FC43e442ce9A4803E290293b,3559
scottbeale.eth,0x29059F184Faa0A32C83971c8951829C8BE27D3f3,3588
dongambas.eth,0x2300C67365E8D0Db283Cd3772237183bEABF41bc,3600
kazumaono.eth,0x782CFA467F2780a9EB266F5ADD30420Aa2970820,3611
horsefacts.eth,0x79d31bFcA5Fda7A4F15b36763d2e44C99D811a6C,3621
androidsixteen.eth,0xFeCbBfeC931A06c0cf7B008cf3c013457F610a22,3635
ialmanza.eth,0x02C48c159FDfc1fC18BA0323D67061dE1dEA329F,3641
toadyhawk.eth,0x5D802e2Fe48392c104Ce0401C7ECa8a4456f1F16,3642
iamnick.eth,0x0f9b1b68f848Cb65F532BC12825357201726d3d2,3647
cpoetter.eth,0xd26b76e50f6510cdD4bf45d59279705f36946d23,3747
kellykim.eth,0x8dB916FadB1C973D610346F0a1a8e4C81acF0390,3751
stuffonfire.eth,0xB2E1407824658956478beA60dD08fA2606652C4F,3787
peterferguson.eth,0x524bF2086D4b5BBdA06f4c16Ec36f06AAd4E1Cad,3801
eugenijus.eth,0x85F89831B2311fA2E9a0b0a6a72D27Bc40abF0Be,3837
mrmemes.eth,0x9e1E2Bc60E0fdC756704d18346D511Bba7543E9a,3850
spengrah.eth,0xA7a5A2745f10D5C23d75a6fd228A408cEDe1CAE5,3864
tranqui.eth,0x806164c929Ad3A6f4bd70c2370b3Ef36c64dEaa8,3877
pgpg.eth,0x739579406156648512b7029291c1aaBdDD95Bb29,3958
indexcard.eth,0x10deC36B4AC9d3b60490dFE2799881287d4a74cc,3974
squirtle0x.eth,0x4644A9Afe25B01405B9099c32FBf123F919d4838,4022
awkquarian.eth,0xcDdf6531CD48936Fc850E51B95a3d3d966bEb43D,4027
sassal.eth,0x648aA14e4424e0825A5cE739C8C68610e143FB79,4036
alec.eth,0x049569adb8a1e8A9349E9F1111C7b7993A4612eB,4044
donnoh.eth,0x33D66941465ac776C38096cb1bc496C673aE7390,4128
andreitr.eth,0x1d671d1B191323A38490972D58354971E5c1cd2A,4134
mehari.eth,0xFEC0Ad833FB7D20A83E373279f37c88159bAd99E,4152
kmacb.eth,0x8b80755C441d355405CA7571443Bb9247B77Ec16,4163
nonefungible.eth,0xc47000DE7fb7BE6A24027563d3aae32e6466423F,4208
zachroth.eth,0xF6f0cc35c1aD0AF84576464a1de1c7d00B220fF2,4269
prxshant.eth,0x4b70d04124c2996De29e0caa050A49822Faec6Cc,4280
tricil.eth,0x12239fCDfF8cd48c24661d3c4243CE33ceB2E273,4294
cojo.eth,0xE943CA883ef3294E0FC55a1A14591aBeAD1B5927,4327
maxp.eth,0x0a2F3020D266A54Fa8F0f72fd448969f74602222,4373
loracle.eth,0x6B08770fc5804862217FfCCD03A468a83965914e,4395
thechandresh.eth,0x61Da82d341141DbaFc8b536eEdb23e7D83496c7c,4434
limone.eth,0x1358155a15930f89eBc787a34Eb4ccfd9720bC62,4461
refcell.eth,0x3FB7501f5e451509Da23aD25c331A0737ef514A2,4464
seattlecrypto.eth,0x247a1E2bf4C0A0a13d35661D8CC6e4c01246e1F2,4513
sgoel.eth,0xA37d32C9d9fb5d3a1D4e4Ae8E562493ea0eA7980,4552
symbiotech.eth,0x5bFeb4Ca066c9458842AC89b6e5cd983bd1a1034,4567
seanhart.eth,0x38e8A52Ee60ea89A5b086cD0D3dA4108EFD4827E,4612
binaryfloyd.eth,0xeB2b6802332C2a86be4479b1993Ba05AFD91D300,4623
br0ck.eth,0xd935153eaEB2384eA2Fa5D379c8C5158E6A18B11,4641
treethought.eth,0x21d58d30112Ee38743Bf66B0CBA9637BaC0E6953,4649
brittkim.eth,0xa01258F7c15eE825fb2dc67DB273EDc89621268A,4665
bytebot.eth,0xA5d23180ff67cD94621407F7868c1fc31C4afaDf,4703
semui.eth,0x3cB63B82D778105e43f064Ed739b0655f1f0Fb87,4724
necopinus.eth,0x954176e55f81F9B5FD92C94aFCAe27Cc13a73824,4801
snake.eth,0x5D9603E36dc07d475451DA8084fC75f7235F6b0e,4858
fabiolaio.eth,0x06A61Fd03051ae191C5c0321324c85Db11340bc7,4878
tokenart.eth,0x6dA0a1784De1aBDDe1734bA37eCa3d560bf044c0,4905
antimofm.eth,0xfa922ce609FeD47950E3f48662C9651d42ada194,4923
ukstv.eth,0xBAc675C310721717Cd4A37F6cbeA1F081b1C2a07,4924
dineshraju.eth,0xa0cA69A35C77aB43F39E3439539a098a948552c6,4925
kazani.eth,0x45e43896d1FBA7CecbF034d82D790BB71cB5e589,4926
bodge.eth,0x625D6405DCac9C82F4b681A131d9182115448F75,4929
seanbonner.eth,0xc93C7f71581DFEAAb59BEd908888dAC5689F312a,4952
jango.eth,0x823b92d6a4b2AED4b15675c7917c9f922ea8ADAD,4970
polmaire.eth,0xf9a3BB070c1f9b3186A547DeD991BeD04a289C5B,4995
nixo.eth,0x5554672e67bA866B9861701D0e0494AB324aD19A,4996
validator.eth,0x82eB45562F991329ED2867F43fc60F0Ba52C3Dab,4998
jklb.eth,0x88AdfC5EBA1195D163E8D5C90FDdEE4b0D436Af4,5126
clun.eth,0x2F82D53BBa735d0475f59924216a2Ebd5E7B173C,5172
hodges.eth,0xa075Ec31f2bFd7977Ba3FB9C61c814Ce466E8f9a,5173
blvrd.eth,0xDB707F1956e5453eFc146B1f534381d68DD95C28,5251
drinkbeerkillwar.eth,0xDD1256D5C133F21bE2A7C981FC83c8cB0F66E286,5253
limes.eth,0xA7860E99e3ce0752D1ac53b974E309fFf80277C6,5283
ferran.eth,0xf3B06b503652a5E075D423F97056DFde0C4b066F,5309
0xconca.eth,0x788f6B0226553f7331054438E3BDa08f989Cc007,5395
esdotge.eth,0x3Cc1A943B27c2AF7c6dcF3Be0137f66c2f22E712,5431
cmlad.eth,0x9c928C1b01339ebfaf45D400F793989B60B6331E,5448
evabeylin.eth,0x892857D3A0E6ca504dA54470A0d71593525Ebc22,5459
lorepunk.eth,0xbA7A9701A17577438bA4C6A678B533404cEF3Be0,5542
ebeezy.eth,0xE41f56122d44f63c4492096d54D8BE96d600bB06,5644
vitalik.eth,0xd8dA6BF26964aF9D7eEd9e03E53415D37aA96045,5650
yesimkaymak.eth,0xf6Ee7b0F6A574D9d48CfCaA2b6F1972696b185Fa,5685
abhay.eth,0x2CCbA3e3911d7669f3069a79DCDaE587f0ef020e,5688
shazow.eth,0x961Aa96FebeE5465149a0787B03bFa14D8e9033F,5694
chriscocreated.eth,0x5C8F77BE6639CBd5B669e409c610926Cc4E0E6Ae,5701
timdaub.eth,0xee324c588ceF1BF1c1360883E4318834af66366d,5708
lunarpunk.eth,0x72E1638bD8cD371Bfb04cF665b749A0E4ae38324,5729
djchrisallen.eth,0xef1C5987Eb809aFD075B18515e889117a3606693,5738
bigq11.eth,0x855193BCbdbD346B423FF830b507CBf90ecCc90B,5798
teleyinex.eth,0x12Cba59f5A74DB81a12ff63C349Bd82CBF6007C2,5925
consistncy.eth,0x51e6f5560C7aC0ab63FA4E0f77375172D6775Ab5,5948
incarterseyes.eth,0x5A084AAEf5eDDD9195F28F6fe056785e01F210eB,5952
francos.eth,0x6fD31AABE056c95a87158f1e69629702aD3FcBAF,5964
stevedylandev.eth,0xaD73eafCAc4F4c6755DFc61770875fb8B6bC8A25,6023
lanceplaine.eth,0x7F2204F49157651F314395F4703622E3FDC8DF4E,6081
aronshelton.eth,0x1b4a302D15412655877d86ae82823D8F6d085ddD,6089
0xgsus.eth,0xe28F1895B2c820b3b7B23c95b234dd99f17e815d,6099
sio.eth,0xd5fb864ACfD6BB2f72939f122e89fF7F475924f5,6116
miragenesi.eth,0xf63c1D0B96572C02aEe09761d9254779EA1Ceb2A,6121
alexcameron.eth,0xa6fC364DA155Cb909776DFe46c76847e3d9bA9F8,6138
typeof.eth,0xfa6b3dF826636Eb76E23C1Ee38180dB3b8f60a86,6162
hallchen.eth,0x18D5d0faC636e63582e2E96e0C1aEF477F47ee01,6163
0xhelena.eth,0xCD133D337eAD9C2AC799eC7524A1e0f8Aa30c3b1,6205
pedrosilva.eth,0xB40BD6B07635cF752D6E3976C9a1A1F5c8F4B2db,6220
ekinci.eth,0x5f57C686bdbc03242C8Fa723B80f0A6CDea79546,6227
tombeck.eth,0x33514A171B0eC657a0237Dd388fAA4f39eE2a2E4,6245
shutanaka.eth,0x63b1EfC5602C0023BBb373F2350Cf34c2E5F8669,6390
sukeblog314.eth,0x4e837F712A15dA7BD5e3AB0F83cB035bcab1826d,6440
sedhu.eth,0x398969A1A29cA4209399343BbaC1c80E61ED2937,6457
starl3xx.eth,0x0Fc0F78fc939606db65F5BBF2F3715262C0b2F6E,6500
artlu.eth,0x0B33c1a4FFfF852BEf231932c8559861EF625427,6546
fkj.eth,0x0eb86760D04f182a924d1Abb9399db6eF67074a8,6597
fufuprophet.eth,0x56C09cAF7A77d5d254dAe3438bB843A1FFd06aa2,6622
joobid.eth,0xEb58973193E82Bf1F9d2bd6a93D68B98f9FAcCd8,6631
beasley.eth,0xf6fe08ea0250FF49b0b479BC0DBac528B30d5FC4,6639
kredwyn.eth,0x9246a6aB1e0316A8d6D4A9B87E149eD59CB2437F,6643
kiyocrypt.eth,0x298523fAA843CA40e83b7934170ca874a4FA1b04,6703
julien51.eth,0x4Ce2DD8373ECe0d7baAA16E559A5817CC875b16a,6801
g3rard.eth,0xF34196597dF209A04Fc92B97071DCAAbbC63f0E8,6804
mishaderidder.eth,0xC304Eef1023e0b6e644f8ED8f8c629fD0973c52d,6815
maszangeneh.eth,0xEfCB66b8Ff69A15e5Cd0141c28f34B8a67FB5A2A,6831
deodad.eth,0xefE45908DfBEef7A00ED2e92d3b88afD7a32c95C,6841
djma.eth,0x3562284915C74A8cAa56a0edc656f8a538d6CE68,6843
meluhian.eth,0xC3902d565Bbcb20e6E947B9657Df3B0A56875585,6878
agrislis.eth,0x354d4D759c49094f60D537bfD7177c05b70c20cC,6906
taylorhand.eth,0x918EA88373C692B378C685Be91e9A55c724abFCA,6909
nullradix.eth,0x51434F6502b6167ABEC98Ff9F5fd37Ef3E07E7d2,6950
sal1y.eth,0xE5a71A3696D4eDB65F07b6F9a3F000F826367305,7038
nekokoban.eth,0xA7E5a837382C4B2A484BD2AFAdc8B5A5f6d74e87,7043
karanruparel.eth,0xEFeA36Cc43918b1680f0C41744BA110157ecF35D,7055
ideagoras.eth,0x87e89Ba6A0C50Ec9A829819aF033f246656Bb2dc,7056
haurog.eth,0x1c0AcCc24e1549125b5b3c14D999D3a496Afbdb1,7095
m-j-r.eth,0xb03F5438f9A243De5C3B830B7841EC315034cD5f,7097
rgbenson.eth,0x699D19aF817925299E835A19062cBB17353cbC2b,7172
lukeweaver.eth,0x8c76A394D736422CD0590d57f165b05E4e117835,7214
aviationdoctor.eth,0xfbd39c29DBbbe1F3E563e2a8233262c29040eFeF,7237
pdw.eth,0x1f9c3397e1A113933C6A2b781cD57D92FB45Efa2,7282
wb3addctd.eth,0xf8fCb6A62a062F3769Bb70d9A99ce8A9f21B5f17,7297
labadie.eth,0x1db6aD3344F1Ae0A495b28B031B80cDDd99f2FD0,7325
chaskin.eth,0xEe0b53ac9578cBc6E0CEE0Ac6E18cfb7118b5cb3,7479
nis.eth,0x5507dbd48a5A5bAcE8a6030e878cC4E0af147C33,7524
vijeth.eth,0xE3af5e379dE1eDC7Bbdd46E607Cf1A010cD2CcD0,7540
soulninja.eth,0x9503C1A5440F92190fE9035B01BF8d5159ea106f,7546
zerocross.eth,0x59659e3270e7e143f8f1Bba1af3D237d8c9f9354,7561
idanlevin.eth,0x461bb1c0c23C0AE24805C4097Bc5B64593Dd2a59,7588
binrui.eth,0x66b57885E8E9D84742faBda0cE6E3496055b012d,7591
aaronrferguson.eth,0x822ec855CC9f41b592622108E6F3565E976430C6,7637
ktlxv.eth,0xA270f5649A42feDfE66ddb3b0b50bebAe1e3DDB0,7639
cryptofarian.eth,0x61B50a74376a9cD1DABF20bc922017441F9f8267,7640
thekhuong.eth,0x69d3158A17e11FBbdB2a0E7E8Bd05aC3628e3630,7655
manishks.eth,0xb5f6AFa0D04ddF08eAC85c3098a2DB9A5A1Daa12,7666
esusu.eth,0xE6C55b0Af75151960005eabAE3fe19528C1B131B,7690
ufolud.eth,0xC7b724535E86CF8d4d6C327e51c0439e4B5cD85a,7702
royalaid.eth,0x5D98609F4a43ED4d36DAe38A58365B352109C7a6,7715
mudboi.eth,0x4c890Dc20f7D99D0135396A08d07d1518a45a1DD,7736
leoclark.eth,0x9C99BF82fC38713C471D4415f66c8336D361501a,7759
ashoat.eth,0x911413EF4127910d79303483f7470D095f399Ca9,7811
shayan.eth,0x5b655EDa7D101f98934392Cc3610BcB25b633789,7904
thecreative.eth,0x1Fde40a4046Eda0cA0539Dd6c77ABF8933B94260,7935
lobzztr.eth,0xf4408b493df70a9857DFe8DAef5f4cCe4999A761,7942
anomar.eth,0xc4aCF68547239Ce5b056Fff0aB392165e708647c,7949
aerique.eth,0x1E296073F62EA9b829C0240d823F995cd71804a6,7951
ashtyn.eth,0xC6b2a700963E479D49cC549865516ab1f4d236e2,7957
cryptobangla.eth,0x1222cd4a715ad681e99f52576Ee6aa51bE5E1c8d,7983
ahn.eth,0xE27Fb80EB6dE874587b533D61DC265Ba168D860c,8004
joonatan.eth,0xcA32b7C52C11002204681E4d02586d3494c44A91,8035
kesh5210.eth,0xcf03287A85298166522002c97aE4B1556fF026B3,8093
vvksrd.eth,0xDca7678CCE95f14BEFA72fE5a70A5025b1c7160e,8112
zoan.eth,0xc41aB2beF4E8A17D8E2089Ee7a6AA25E4C640620,8140
akaps.eth,0xa4431D8aD55bC69C055cD452D58640764aC1185c,8165
akap.eth,0xD5B82f1efef871C931128faaa4484d4861d1Cdd9,8202
whoamgolden.eth,0x20147b1919D9a174636971182fb3b40c62e9eC33,8210
georgesu.eth,0x810622a05f425B5bA245aD7CD3c06fBf6164Ad79,8230
framos.eth,0x218CF5b0Bb35384e9Abbd8e74A162173a071e3b4,8421
ane.eth,0x53b8761820426B418b29437f81AD833936ce9Bc8,8424
toasterboyz.eth,0xe876275e5e1A77e0DE4006e5d9B85B33621d1442,8438
saintless.eth,0xbA9544045a1CE93E0AfAFF1E547aaC7D05627EE8,8476
deanpierce.eth,0x7ab874Eeef0169ADA0d225E9801A3FfFfa26aAC3,8531
almar.eth,0x521Bd6B08E7F61c00380C5A7bdCc18872D40Da00,8558
elynch.eth,0xc3E50792D2CeEeA824B93C48D25774CC5029ce5D,8559
stycksintern.eth,0xD97921Ad6B4C9e2989b3aB12841265a9492F23a2,8571
manuelmaccou.eth,0x4A6737Da9668D09aCE702c3ff5e0dA33a84d28F7,8587
5pence.eth,0xe52C39327FF7576bAEc3DBFeF0787bd62dB6d726,8630
didierkrux.eth,0xBD19a3F0A9CaCE18513A1e2863d648D13975CB30,8709
lucjodet.eth,0x14210914D6A65Fa2C7747579A7aa287B027fD092,8711
chippo.eth,0x4F5695d12c30eae448c5f38023B12572e483453c,8719
adamhurwitz.eth,0x0B948EFB1b515d8071363a210C362297d2C9db67,8794
foxall.eth,0x76c55Aa1e6cD11e84841FD93ECaeA95f35d1740C,8802
franceschina.eth,0xC30caEAB7E8dd28442E1F0812deF5cC8a2a67215,8831
pun1sher.eth,0xD2BC982A2035dB0E1Be7c2C1a9f87E31794C653e,8835
gfun.eth,0xAacc079965F0F9473BF4299d930eF639690a9792,8840
beckner.eth,0xcC29B4db2532263E9791fCCDf0377D8B13bFEE0C,8845
orangesamus.eth,0x537078780163d7dab8C52E55EE928B70470bE584,8860
jchakra.eth,0x04A234Ac9d35b3B8f93c9e1bF56a9C98a1A2D6A3,8888
tomato.eth,0xe40a2A4C6dfC11f40F2bEe39a3785F2c33c1d33B,8949
littlethings.eth,0x8B600c7Ef1D97225860a7996b63c5b8b116182d5,8952
paulp.eth,0xD74d9F51e64113B96210e5C063db818510AF90A7,8987
mjthepopstar.eth,0x99525b18Bcd5F429e25F9c00863A917909cEF3D4,9047
usersteen.eth,0x575c8A992EC082f3650432dE77c1CbBCCf568200,9055
yassinelanda.eth,0xd8880f5420f06304873cd346A516D3Da3BeEd0B2,9082
tester1.eth,0x01ac3b18769A204ec61196A75D8B31b4E4eCdD1E,9101
promptrotator.eth,0x963441DcF6b2E82198a46c835a0c8f06b4d4E504,9134
kugusha.eth,0x8379bD16381620914d8fA3d535F6Ca9eF23ece53,9135
androolloyd.eth,0x86d3ee9ff0983Bc33b93cc8983371a500f873446,9228
brennen.eth,0x2666f0C8FB58d182f2Dd79475DCA4A07B3724607,9280
catra.eth,0xe8bB2E08e6f52f11D8B65e2A3db772DaA60e117e,9318
0xabundance.eth,0xdca6F7CB3cF361C8dF8FDE119370F1b21b2fFf63,9326
rahul7668gupta.eth,0xaE1Bc13D52FaA646AB876A6196b8Bf720a2449bF,9367
nickprince.eth,0x838aD0EAE54F99F1926dA7C3b6bFbF617389B4D9,9412
niklas.eth,0x6224fd05D32B5e9Ea20D61BFd10A5DCC2Db6E76c,9415
vedantin.eth,0x570401545cB9D043a662dd7B4c2fD81B343C86b6,9433
ronan.eth,0xF78cD306b23031dE9E739A5BcDE61764e82AD5eF,9436
twifarcaster.eth,0x6f25A0DD4c3BD4eF1A89916B3E0162061249885a,9548
nicoszerman.eth,0xf068B5EbABf25f5FF69d21c8536b5a5a19C53A10,9554
gaoa.eth,0x02d64289BBE12d96E53957fE33A9b1373Aa0dA40,9582
fastfourier.eth,0xE4d31Ac2bF5E673c513f38bAEB3A7365FbD12179,9698
jrh3k5.eth,0x9134fc7112b478e97eE6F0E6A7bf81EcAfef19ED,9702
lanaling.eth,0xDA675a9888e16595C66C6c1DA684dF4e26f8aB69,9815
0xluo.eth,0xEC8b6b6ee8dC5c6631747BDC6b1400Aff08829fD,9856
zzfzz.eth,0xB86fF7E3F4E6186DfD25cFF40605441D0c0481c4,9885
jonas.eth,0x9F49230672c52A2b958F253134BB17Ac84d30833,9896
duncand.eth,0x609814663BDa7909ED99e7Fd220b6458CD078874,9920
m00npapi.eth,0x38B2bAC6431604dFfEc17a1E6Adc649a9Ea0eFba,9933
lazybaer.eth,0xC96DEdb0F0972b90715FD58c75012Ca995Cb3F8E,9955
mishadv.eth,0xb1066863cFe18d1Fb20BB64487Eb2F06AeF4AE49,9985
itarutomy.eth,0xEC5481668B8012dF8Ed6bad4Dd3C2A84D2733c25,9991
araojpn.eth,0x3Ea2c9BAD429589C94cc4eE3786fB04F0391c3f2,10036
ornellaweb3.eth,0xb749A586080436e616f097f193Ba9CB6A25E7Ea6,10103
bayka.eth,0xAA64A7Db2C3951375dCDF8DB76ADb46C258840E7,10111
snuglas.eth,0x1E35A898385D8E2c71f9C6B34ebF8B204c0ABcd3,10124
ludvig.eth,0x11668C9934C52Da70b8dBF96143c73337Ae07910,10212
kersic.eth,0x7C0D681098a9d46Bd34637870C3afa4bfC9EC720,10227
vashart.eth,0xa953360de5B7dC689538Cb3Df0628Edb0D7208f8,10234
alexgrover.eth,0xD6507fC98605eAb8775f851c25A5E09Dc12ab7A7,10259
lefteris.eth,0x2B888954421b424C5D3D9Ce9bB67c9bD47537d12,10420
tadas336.eth,0xCfE074e04EA2707F8BaEC29F573F1DBc7f08AE12,10574
pedrofalco.eth,0xD8B5c152Bd487078BB243Eab84A3F93a95e673c7,10593
rajarama.eth,0x182A414a433B0129EA639C2D24D21D4Cf6a6c0ae,10597
kp3556.eth,0x24f33c5d552ddD8d9Ba085FC1Ad2E28C40989599,10602
hellenstans.eth,0x81EbE8Ee7b51741fD5DaD31F6987E626A9bb8111,10630
mikemoneyc.eth,0xc3856A3a70832FFc6cD678dD0a674b680bA8Ce44,10640
recipromancer.eth,0x364F0aD60F8D34a5643542A8623274636e6951f0,10657
vinaydebrou.eth,0x64E8B17A8C5C439156584112C66Cf5619C4C6D70,10783
gami.eth,0x387a161C6b25aA854100aBaED39274e51aaffffd,10810
hollyr.eth,0xfBDDB719cC7c795a1D9b7EA7aC11494A19b3231F,10947
aditthya.eth,0x9faC985001D0D38079e9C6e264407ECB45a919DD,10972
broke.eth,0xC480C3FD10d8965EB74B9B53ee65Bea24B2a6A73,11149
onucel.eth,0x84C87523dc3B0466B5D4174524Baf086Cb30BaB4,11203
degenroot.eth,0xB8AF1485EFc9Be8Bb7567EE6B923f565E467F577,11209
tempetechie.eth,0xb29050965A5AC70ab487aa47546cdCBc97dAE45D,11299
jimmu.eth,0xcd125C95230c4D416Eb017C654c92AB9Bac51198,11439
cuello.eth,0x5C45F59E9C0b587151dAC35b4E00e53Df1e018b4,11454
shawnprice.eth,0x6155db1dD9eaaE8D4923fB6fF0bE4632c0E452B2,11471
nonart.eth,0xf80d63c49C39c45F909c7f91d567944FEdb870cb,11490
wecreateproject.eth,0xA97CA732232Cd2ACaB9038a1943fe2A79FA1cCc8,11502
0x0711.eth,0x447DC392472E6319aa14264a2af2cb6ab6ca42Ee,11505
drewf.eth,0x8B2E10BFD9f0c2813905a73aE2acd0468c623082,11516
franklinvargas.eth,0x2842decf9baEb5ec76988d1261325329848522Ae,11533
stango.eth,0x33DfBA48F77f4DFf1B69532b523ebb076dA3C33c,11535
sarvesh371.eth,0xf285D796eeb5Fc6c9c533F17a5551F5C507c56b8,11536
mcoso.eth,0xd095E0f8C72E22319846b643c4bac0caC1f67006,11548
stevehere.eth,0x97945356AcB19a96B4B88cf870AA78EC2c712F99,11679
sinvali.eth,0x613b101B0C2dfa25d08BF7423Dce9E9443B9D759,11687
evanmoyer.eth,0x5BE9c37A4d3FD921D24BEc9DEd661dd32e7695d5,11697
zor.eth,0x9625fb1EB31756A6a2504F36b416729113eDD2ee,11703
caz.eth,0x648B8ad47E540a71ABaE5C285ECc1e6D34eaB8C3,11720
amir0.eth,0xe679D21696F2D833e1d92cF44F88A78e796756a3,11831
agcherepovskij.eth,0xFd4520753366d35E5Dc2f76d52dC58a5261eD263,11861
confusz.eth,0x55402f682b3FbD58eaE1d6E990FF8D086B2F9F61,11868
wiedzmin.eth,0x13a5e7BdE7477616C953ac4d4a1A82F751053efb,11897
cy-borg.eth,0x5f5376bb63732533e174D0A06F2CD0b0CC3ADb75,11915
prabh.eth,0x3570958B8dcbC4f663f508efcEDb454eE9AF9516,11946
timjanssen.eth,0x0e63c553E771293fDA16617073ED5b1020dFDdA5,11960
tekr0x.eth,0x5FfD23B1B0350debB17A2cB668929aC5f76d0E18,11961
bashorun.eth,0x27c5f0441Db6694042c6044D223bFE92c15Ee637,11982
chamaquito.eth,0xb97A251dF2672b0e252b28a96857A8ACE9929CCc,11984
duponi.eth,0x0cB9AdA4C88885F613297512f6ED5d1B79ACEC11,12051
octogene.eth,0x299C8c6d973506fbf9245D95773D6cA1c5ccBFb3,12055
coolshoes.eth,0x4714FbCB8910F568234E8d3A249dD2e1319c5d32,12059
bosco.eth,0x30C7F4F7504D6366916f669cd8E731ED4dF6C702,12074
kodys.eth,0xB645EA519d3bb18A03Eb0E059e5f6A70A793b4fC,12095
j-rod.eth,0xCBEA9b2C55e779D49b04fA8cf5EFb60AEdbF9C2B,12122
jeannettecollins.eth,0xdA9FCC99b3f242E94E21CdF0576a2bF8B881F5F1,12133
jaxer.eth,0xdD044684cfA651c491b844AE0E8646aD7c56205b,12163
iamserdar.eth,0x91a7781356735A74Aa69bDE618B5872c18328754,12172
jonathanmeyer.eth,0x252eaF4e79410F7d67a3869585FC7B6336C825Db,12185
highplains.eth,0xB4845049cF818DccD320eB715c1A475b0cFFa1C3,12190
birdo.eth,0x756085e47E85A1C35096112f42f3D3Fef17EE35B,12203
megumii.eth,0x571F7567B4B6440Af78b043e657C9d5013be250d,12254
kia.eth,0xeaA68d85e2c0eA3BB0A7028c45aE04943fB14819,12256
kasi.eth,0x7Dd7fd8ACd39e557A6c570965eeA2b4008c4Dd1c,12330
claireaustin.eth,0x5074f0421b6bC96F4dc3509546d855EFaa17740C,12340
msolomon.eth,0x60A5dcB2fC804874883b797f37CbF1b0582ac2dD,12370
hanjay.eth,0x3399cA93F5B710B2Fc16Cc8A172568405f95f504,12377
nick.eth,0xb8c2C29ee19D8307cb7255e1Cd9CbDE883A267d5,12421
cosimojack.eth,0xcFf494532dC821BeB40DC2ab4E7cB23fa041a046,12443
thumbsup.eth,0x4d85e4F760fb58E380f02657AE5Aafb8bd010601,12480
qorprate.eth,0x2C27fDF0344782656AC373E7721Be87A17B39498,12516
mfl-tw.eth,0xf7256eD518fa3A8b1dDb2bBb0Cd0071617df7bF4,12518
hidayath.eth,0x8dA48e5846c06B558970ACd42EDc7Da8799481E4,12535
0xa72b.eth,0x273d4C6F62B79ac79F42575a6fe8Ef58764e072b,12546
sylvanscenes.eth,0x60566cb8D8dfb84d0B25A7cd3daE7C1eaDfbDb5F,12551
raffy.eth,0x51050ec063d393217B436747617aD1C2285Aeeee,12555
abel.eth,0x0a08CFB5963220af59e0B8fEa2C92BFf2a4B418c,12566
philcockfield.eth,0x1DA44DC5bD3ccAd7c9DE272a58B5507F5bc251fA,12567
zbrown.eth,0x0f686980E9404865F960b3c134295Dd9efe1758c,12572
wslyvh.eth,0x8289432ACD5EB0214B1C2526A5EDB480Aa06A9ab,12580
184.eth,0xc28de09AD1a20737B92834943558DdfcC88d020D,12588
bluete.eth,0xf242e4d03E607157Fbe492cFA664ab66A7097d3B,12682
projamkiller.eth,0x1E34a0DAEeDd3Aaaee515c92791e860591B04F0c,12687
pseudomata.eth,0x7334CA7B5536dbEf07fe29A1af3cF2348f09a7b4,12697
arthurfleck.eth,0x1CbB6FD1e85BE88cF368e9032e8a026A7a059C54,12719
rodrigobardin.eth,0x3F358b4E54385ba4fc8dD9EA718d360db5C7fDa5,12777
dantehrani.eth,0x400EA6522867456E988235675b9Cb5b1Cf5b79C8,12783
beauwilliams.eth,0x75Ef2D0B1b560D4b9F47315B44F5BB62B071308C,12857
bishara.eth,0x6a08ed0C51A3114D6a5347f1D0D33b1932dC93A7,12873
cris84mon.eth,0x6f5671007B15a49afF5DD830183Cd02D49E8Be04,12890
0xjudd.eth,0xD43CF02beA3B50A188a2CD7b2A8435a493e7440F,12915
koeppelmann.eth,0x7B2e78D4dFaABA045A167a70dA285E30E8FcA196,12923
epodo.eth,0x7237462736C21cc333977C20a93BDf32511Ff086,12966
conlanwall.eth,0x8bf3Ecd570F0D49580C78dFF9BF985f9b6E51f56,12972
huugo.eth,0x83455FcF356461654854fD376a6Ac8922Af60A8C,12977
adamspitz.eth,0x73e478dD6f90eD7312a9eB20D7a2f3ED566ff570,13005
true.eth,0xF07516168B92B4e665db90e632EAd8cAa47585b5,13016
cypherfrog.eth,0xfC2d9450ee35Fc00ccc290E785d9e24BBaCF7D86,13021
ath.eth,0x777777704494AE2Cc2f99cf05BDaBA8bc56a61F1,13036
yeoro.eth,0x66Ab0BC088212195b0d9e9FEB12F3f93fF6f8fF1,13049
mattgarcia.eth,0xdd80AbdFAd76B65ABC6d43e4F1c58Da216E04F10,13071
thecap.eth,0x035eBd096AFa6b98372494C7f08f3402324117D3,13094
poldo.eth,0x8B24b1686832757e2f6d640e11e88e7f0064594a,13097
ethdaily.eth,0xEB40A065854bd90126A4E697aeA0976BA51b2eE7,13165
sevick.eth,0x26Ea3929B8B01a95bA2405FcBc759970f8Ac24dA,13212
anon.eth,0xcEB7D613cd04231371c79b9893169c4E8cf658B1,13217
devvivek.eth,0xa423A05Eb84EAB65E9137dEabfBD127dc253C052,13237
vribes.eth,0x2b858c86Cee0591fDde559788ad29a8F6E59a5c1,13327
dadcaster.eth,0x099780C63E2523d4458e039Ce03d23475dc032d9,13355
ricardocarrillo.eth,0x3ABF9CAAD55f7123Bcc8573B56fBe79D5692eCB5,13387
cryptso.eth,0x58ba29F7b72B896c5F8faE603DaB7891106b1701,13418
samaipata.eth,0xb6A47f8ED6722b7Ab9d7342E4d41F202b1401e40,13462
skyron.eth,0x863DEd489AA9aE14e1C09223979392FC89629253,13474
mnsis.eth,0x0882483Be2B9135fbcf325b929b0d5AF7854B7bd,13478
0xbg.eth,0x41146FcA1872EB57963375e62aC9B1C5F704fAE9,13489
retrofuturist.eth,0x9B16E04EE92Bf8C3D52547E5Ee929F42B285DEF2,13503
caldonia.eth,0x9A41C5549Bcc7d3F8D80e639714a4823de559134,13507
johhn.eth,0x1BB271879576fD79324156F539DD760756C9D061,13555
nilli.eth,0x5505Ada96EABeB212e2EAC5464Cc4C8efF232419,13558
loset.eth,0x5520082cAfe40F2De90DBDAf29a2ECC606B8f9AF,13562
enenuru.eth,0xE05F0Df951B96F0e264973e1C444E64d7350C7e3,13585
louisdebaere.eth,0xdb7e172f4B5FfB04fa5E9fECc4B8DAE083340361,13588
evanforman.eth,0x419f25F5D6d65A1AD909Ed659ee5d48fa762aC91,13595
hellnooo.eth,0x6d9fFaede2c6CD9bb48becE230ad589e0E0D981c,13596
them3m3coin.eth,0x3f3A1aa0585010b73335790992C50CE7c44dD1a4,13621
dougo.eth,0x507ffb184f4b2bd22A0e72574CaCDfd499d4D6Ca,13660
samanee.eth,0xee05c32CeC503bED8c46fE28189eF455FC8987CE,13669
alexrowe.eth,0x1837c12Cc857059C17E56D914E41Ae0d83D1ea35,13725
aminnd.eth,0xc061d222855cf2C58a450e3b6Af894E5889e35dB,13751
asiablockchain.eth,0xd78485A59e9763869bf1EC62c4520695Bc826eDc,13752
amircrypto82.eth,0xb2ffA393F0b4072081eB2738EB8340bF877BaE38,13756
lorrena.eth,0xb435A754363D2807aa8AddDDb44F758B5a76A71f,13898
maximilianuos.eth,0xF82b3a0CD76EF3DcFaF772c27b2a39F1e1915494,13903
brainer.eth,0xd71b74e73B7DEf499B6E2dADd8908EDC1E5a67CC,13953
rapsoda.eth,0x23fAbf17491834E561C7Af3d77E2b67f548978fe,13958
shukudaidayo.eth,0x9a659894e5D115846767dB0e1685744c452E7a6e,13999
crabto.eth,0x4B009C851fCfed1E6fb81CB4693540425e643e61,14016
sjm.eth,0x9e81fF1911F5Ecc3Ae60417fABC62234f31d7102,14034
amar.eth,0x06A07d3D0Ab63E8Bd1ADE5FA26f8fb88296A7F73,14062
khori.eth,0x9eddfE3A95AA77E4F6509927De67BB1EaAE3b382,14123
bc-zip.eth,0xd4c1F5F3D12373dcd9fd52dea6abA0D8461A3245,14127
tusharsoni.eth,0xc6FfEB1298Eb33Da430d14e5Eb789256ec344625,14135
brucexc.eth,0x8888888198FbdC8c017870cC5d3c96D0cf15C4F0,14142
3690.eth,0x2BE830C9c4A3eB3f9eBF736eED948e9ec1f1f33b,14161
benivel.eth,0xC9C5cAa37DC34bC87ca1bf0Ac88A70FF926946a9,14192
hoomihero.eth,0x78b74016f06EEA3D9b5498aa30f6981F2A01cC84,14211
latingirl.eth,0x76d2DDCe6b781e66c4B184C82Fbf4F94346Cfb0D,14232
majyy.eth,0xB8481f328Ae0547089585510902Ae585C79f7d24,14245
hiteshp.eth,0xFd10510E5A6f2dAdEad4965bA590A0baf163054c,14287
oktay315.eth,0x94520E2F86afD790263715f727d0d35F533f2A36,14297
vscode.eth,0x2EB468B1C02E6713770a0a71B95e9077a9f16651,14351
howni.eth,0x3276e82ebb1b4b9F01aB9286eD6bCC6603E368E2,14353
thebenmeadows.eth,0x98f1BdA2d45ffacA73fCF2154E9E007871e14934,14356
sogito.eth,0xD0c087eeDb1A171fEEd0D8790938A563Ae65BD5d,14362
bertel.eth,0x8806Be864202e96BcD858c8b27b3b4a5817b202C,14367
payamrb.eth,0x47b48e52627910761b93181f3441251b90382338,14387
krypto.eth,0xC6058667a57374cd350280Fcf06a5f0517682BEB,14402
0xwizardof0z.eth,0xDFF917ab602e8508b6907dE1b038dd52B24A2379,14426
0810810.eth,0x0D72F3BB5CEefE985FcA7518A78C3CD67B6a6672,14442
straightg00ds.eth,0x470D235cA1CafF614AbEE02D98Ac3aa89A6758bD,14449
brianmorris.eth,0xc199d54bE70c9837449b8DeD44B6C960dde9dFe3,14464
goluis.eth,0x7D3bF2cb39f5cEEeca91eCc8201Dc01616AD089f,14498
mortespiral.eth,0x64bF8D9a93A5642cA93d98b5Db88B2Cc953c8426,14537
petethe.eth,0x4F7F161906ABdf91EDb780677A28c5684fAAcA88,14538
pouyaneth.eth,0x407425cB78339F5cf3930e2Cb26153Dd7Fd1f739,14553
siyamak.eth,0x1598c1F14d4563D0F2A27d9c125E43e73Bac3e55,14554
du5t.eth,0x59D04f01411b879F9416073eDb3382854edd4e08,14561
zeloy.eth,0x0089e617a33914E170295fcB5B7a33BfE3DEA922,14565
mester22.eth,0x71AD9c1c22a999a13b537fE10D4607A78e51aAa8,14584
azadehebrahimi.eth,0x88b9BA802462C095305C50937f46949e7e4517C5,14598
pseudobun.eth,0x32B1172E786a31A65b46710Cd946b2521e13ac96,14626
solehudin.eth,0x1F19BC4735E333397a01eD2864788cC4D9dC371F,14628
frenchy.eth,0x08F7Fd04e76daC7e4d9e343e0B5510379f5bbA48,14642
jbrgbm.eth,0xA1b4A57afcffEc8064c241CF9FF06A6e33a1bF09,14714
lowadka.eth,0xa54cEe1da30716a04c28b7a6Cb724Fc310C8B709,14737
iproduct.eth,0xFE6aB8a0dAfe7d41Adf247c210451c264155C9b0,14738
khorage.eth,0xb9FbFC908cEb29D605aed9A56DcfA43cfB057582,14774
xvgncy.eth,0x0bC54aBA6DA697841D7a5B867E5d5D93cb155115,14781
hackers-residue.eth,0x93094441DB4c4650BA98880Fc123e21C8Fc33e34,14798
suskesorg.eth,0x0b3bfe556e31f3c44e2004d79DE4AF01f3f362Fe,14804
overcute.eth,0xA3268eDfd84415472D9c30eCdEBa487f865Ee063,14815
alicegalaxy.eth,0x6Ce617317a75aCa2c9F7129bBe329BCD242c884A,14875
sahar69.eth,0x15Aa37DDD93a4fA5AC5A73E2266F863fAC5cDB63,14919
crypttopia.eth,0x88DE111D78EDAf1e80abD2FdAd1e39aB65b839c9,14927
hesniy.eth,0x227179eD22661F446450Aa5EFe0a6Ac45A8bc2CB,14990
ensrus.eth,0x3e6eb66bFd1046A7FF89A50b26ef6B88aF33c317,15026
dnopz.eth,0xCb6617e3A0Daa049Adb179162cEd28E4247cfFFf,15032
nix.eth,0x3424cd7D170949636C300e62674a3DFB7706Fc35,15033
andrewzav.eth,0x7B3932D72C7B019D7c3F523db6b2EdF22A76ca6e,15047
ryanfox.eth,0x28f8056B6d87F3a92373a9403FbFEa1a2DA51904,15156
jaybuidl.eth,0x74199ddaC9607A3a694011793f674FA1E0d0Fe2D,15245
ayomide.eth,0x8E2FD8Df3fA9454E390887A86919bb7B86Cc1141,15255
snjolfur.eth,0x32dD9F6885332CCf8633A18CB0c2e25e68fE03d1,15342
abaddeed.eth,0xf3940eB383853D364F82B76f5D513feF73b06E0F,15472
sadidisro.eth,0x703518C0B200F99FEca73743693B96F3F2d02E90,15477
paypaleth.eth,0xC9a16fB4D7Be04e47f237c09D5517a61384e1F6a,15478
snax.eth,0x9AE8912ea6562957043c8d048641Aa9B450c397f,15516
arctyck.eth,0xDaf9DE21Df56E39A8A7B58C7C38F3f4fAcF440a7,15543
thesingularity.eth,0x782BF4C5268BaD20aEaF1f53B2bDDE30a55da6C9,15565
mazmol.eth,0x7ae640922af98a164a6db882A1b9507ED32C5D05,15578
millionrecords.eth,0x7eC53B8AB315eB9D8b2ca7a3544e443552DeCF4b,15631
fliguy.eth,0x5aB2490bC3EaF556Af29db220Fe9BCC3FF580fc0,15673
xabbasx.eth,0x517750948ad729FC150631EE52dC1219C8492d2E,15677
0xrusowsky.eth,0xd47A742f7Ae0dCaB41375a22283A70EBe3716711,15704
chinmay.eth,0x75E5162644FCa0392CcE7Dc6Fe20F35e362Ca8bb,15838
concisive.eth,0xCd7e89F8ADc80AaAda5899312A1132209650eD0E,15844
radmehr.eth,0x994F96722575B64b27CDBe327498F34Aaa2f0043,15857
mraz125.eth,0xa260CF1726a6a5e0B7079f708823FC8E884611CB,15881
michael4438.eth,0xD9995c31e55cc4fad781c5f4Cb206D9c02FD5743,15911
amnnd84.eth,0x54072dF3E76b5f05e1cEdF7550Ac7cDBac3980Af,15953
sudinik.eth,0x85AA04081876BeE86DfAfE93CCBF2Bf67b8d137B,15956
ahmadnd.eth,0xbbC9d28a50696FfaF0D79326b569dd0e4d39D179,15958
yosephks.eth,0xc7486219881C780B676499868716B27095317416,15971
tothemoonsoon.eth,0xA73CCFAD2FF7849CB257988E4cB3B20C250668f4,15986
adamstallard.eth,0xdC0046B52e2E38AEe2271B6171ebb65cCD337518,16037
myusuf.eth,0x6Fe766d9CE379d452f54182b803F6Cbb945Ff43a,16075
pub-gmn.eth,0xBC72198d65075Fdad2CA7B8db79EfF5B51c8B30D,16090
0xbillys.eth,0x2EC8EBB0a8eAa40e4Ce620CF9f84A96dF68D4669,16104
evmbrahmin.eth,0x12478D6058fcb15bb93e4437951c5c98d1ABf563,16125
vomph.eth,0xCC24C16a958761aDdCb3d8640E77427502086CD8,16141
sarva.eth,0x3081b6978f7374e6427Db8b78dA2985b6C5D6483,16145
eulerlagrange.eth,0x68b44Ea0b78afF90E328406768beDcd387000d31,16148
netopwibby.eth,0x9c94aafF71e4A58Cd9fb5bE2005b8Dc952C4c2e3,16152
f9s216.eth,0xD4c173c8E923b5707F8E9fd9D9821BBf3C24f701,16161
sfalah.eth,0x9D7eF27237341b5756EA359c76e39588726c6553,16163
robsven.eth,0xB62dee1978e4dA32f96e2b27ca35A0aeBE30921C,16181
masia02.eth,0x1138cDC8E85330C428562AA7849e252De63c089F,16190
rashtrakoff.eth,0x452181dAe31Cf9f42189df71eC64298993BEe6d3,16205
fryorcraken.eth,0xdDB383A2CC1E8A620EA6cB72552CFdFB0bEf1d6E,16233
varejkeee.eth,0xEdAC3381eca8487a723D80A882430F1fEd8cAf0f,16237
rwb3n.eth,0xB2e30A6F950225f2B089798480F1E5B97A3D4df1,16253
hagop.eth,0x40Db8365d1252bcb06598927698238a99D39228E,16274
rudya.eth,0x3612b2e93b49F6c797066cA8c38b7f522b32c7cb,16277
baobadboy.eth,0xdAa598A5597cE26eaf88706672ED894615a82a70,16280
naps62.eth,0x4b7f6bfD248f541eB5474f591D54Bc29444946db,16318
nirry.eth,0x8AD8dbD0Db39ac36299B792925C086063a9F1b98,16355
murat.eth,0xF9005F6500639ade2ECA93d819eE938ea1B2E3bA,16373
divydovy.eth,0x0D20dea491abFb7e374877c6E9629161d3Ae4ef4,16379
rlass.eth,0xcB7484799fc0BeBa36340640ce5F2171B7960088,16382
gonewithewind.eth,0x8999d8cB1d26c3f7388cB52dE9ef4e6b1A10211f,16385
dustmrtn.eth,0x403556CcC90579D6912AC2Ab695b128852D30e69,16467
oxpejman.eth,0xdb1F7BBD4f81dabdf80A85d73Ac721d62309B510,16525
websky.eth,0xfbF0736EB2ac1C4bB0193AE54c53e182B18037Fc,16545
guide42.eth,0x4CCC2ACdd43811Ce928cef7371Fc95daF7418631,16571
parentcaster.eth,0xA0Ca75D315f5dFdf2eB1F956CF051EcDE8770557,16574
melonpanda.eth,0x6E0a064722656D7921295bCFa3Bd76225dAfC9B7,16597
kungduck.eth,0xb2993F007d2aBaECBb7C3529d78c5de0f1214888,16656
broventures.eth,0xAB98e3D0307583F5B2274Df0Ec5853853cA68786,16686
shep.eth,0x8c14D46C920c877d296aaf34F5fC65fF6D8C01CF,16693
mrpsycox.eth,0x5E962B44a805c92D4153Ea19AE5EE324Da0Eb9F5,16699
ethereumdegen.eth,0x810E096DDa9ae3Ae2b55a9c45068F9FE8eeea6db,16713
nahidb.eth,0x617c17ED90DfaAe93393Ba92605fd4c2Ad9D0C35,16731
mariaest.eth,0xAE97b142FD5f777aa1CCFd77d25C9Be1902C465F,16747
html.eth,0x4fA143717E9F5C8523457d7d080a40a123af9274,16791
alphacaster.eth,0x5487fbB38aF908185F01e43B8B0703aCE2317314,16795
nik.eth,0x2f3a773365Ff85353E1d4BB5A88f62dFD478A24D,16800
gappie.eth,0xd178221f778a3f06A8fA98c9804eF68548639514,16811
evibe.eth,0x080B62ceAEDD748329222E3BB823Bf75cfafAa89,16815
walde.eth,0xd6e31f0e293858E8A28872aD109b854Ad5c4B4f6,16833
prutopia.eth,0xaa7B0ccb69E2Be14a2b19c3D265E5Cc2F18b1200,16841
trippedout.eth,0x29A201264e5916ab34d45D432FfFc447ee4B22b4,16871
jaack.eth,0x45cC2088e22FA1196d1fBFdbe3E539C76Dc0BF22,16884
reza1991.eth,0x1755e6D9DA6727e0136e4bFd6df8327C18DD5029,16887
maxdawg.eth,0x6cc78993fC28D60B6653A2e7e89d6a5B69975e6b,16890
jihooni.eth,0x3E2237B8b9301586E9EF089D573F403AD26f7905,16922
mohshad.eth,0x73A7437C5A2A32bB18C37899Bc5940032554FBDB,16936
ryanbelk.eth,0xcBf56B578358Ba2C39668A4EdD032DA49d7927B6,16942
ecksor.eth,0x4A64227943ee5C973DF4d5e307F29989D5590E80,16954
blackwhites.eth,0x1151465023a03F7B2a652c47BA3D580a1d0ADbB0,16956
netty.eth,0x00C3165d6288ab72945734C681fFe37Eb4220ba2,16962
velajuel.eth,0x121DD42384db6ad04851F7ac1E81bCd8Bbb1876E,16963
synbiom.eth,0x16DF361da7A8aa3C6f3d8b65AdE18F465a9f4e41,16988
supersir.eth,0xAff9dbE828F10Df53A08872F661848738F51f24a,17048
standpoint.eth,0xFBDF556EDeD78C467f58Be91d6d56F6eaFb16DC1,17064
zadok7.eth,0xA3B9E4b2C18eFB1C767542e8eb9419B840881467,17079
arfii.eth,0xFa7aEDA0C1887D55FAeDFfD2e92751Be69fA9d07,17089
blissfehmi.eth,0xE4Ca0c4f97F4b85A677E17ba9446a20491B2B7E8,17092
starzq.eth,0x8295C7d69e1868310acc1b8789094Ec7F23A4bb4,17102
consecution.eth,0x058F4718624fCC5006d89ecC8c76E5bAf5320590,17106
fiodar.eth,0x0B8B3648060b97447C023E9EE227BB92E35B30FE,17108
jogundas.eth,0x96F99E65162e635a331820d074BbB9079FD0806e,17121
0548.eth,0x0ad3C4Ce633196A9Bced5a14BA28eBe71BDB5Bcb,17126
0xulas.eth,0x55aEd0ce035883626e536254dda2F23a5b5D977f,17130
pigeon.eth,0x6FEbCB0C472C9e7A086a52144ac14a220ACB922c,17131
lennon.eth,0x5D9356CBc88d1B8Cb1073D489dAF1C7E3001Bc0f,17143
iamsino.eth,0x8f614862B2062c3Bb60eb7227f5a7308113F500D,17171
ethinker.eth,0x674CA194b1676918AfFC538C162d35BA726aaf94,17206
carlfluke.eth,0x01658f5d899e03492dC832C8eE8839FFD80b7f09,17321
bonafidemogul.eth,0x93F70EBd03182E3c4b69228B26C1718124CF6892,17346
sebone.eth,0x4Ab68D88c0eEbe11C0e44d98a1a24279c8c1C66c,17348
suds88.eth,0x82073f802547fEeEc0fd49719a3D7697fB66076a,17406
satanism.eth,0xDf49CF75A28472BB033F97753E5F3D36825da967,17408
pokerfan.eth,0x597F0F68Aa64A2216d395d4829D4657A2F3Fa745,17441
0xkyosuke.eth,0x95861622f2A196952561E8e6125221c516500c8A,17486
esteez.eth,0x4fcCB0D2E4597E0951B7dc4334aD1B454Edbe153,17571
adag1o.eth,0x1753793244Fc60d18546F0473852641b1f322C2c,17579
lightwalker.eth,0x1a199654959140E5c1A2F4135fAA7Ba2748939C5,17586
octogamex.eth,0x2625cAbF3e4460745f74821c860a14155e238EB7,17711
starweb3.eth,0x8B22d16fBbf2FDE8A3A818EB3352c22A411fBe62,17716
mirrornft.eth,0x618715e04a5f3cE5dCfbCbCAd78b0973521D5F1F,17798
fkarahan.eth,0xc8790dB37d2121638097E24E3075009729A90346,17827
sregg.eth,0x791e95918AF4BBA8C25dfacc61623C68995bfD0A,17840
meetm.eth,0x5C5F81454d78bb96c82209d048406D592ABD3674,17863
jovidon.eth,0x7A0D133195E4f22Fef27251057e3989AB67D0860,17874
kelizhdak.eth,0xe655016b2183deE463197f0C176eafE14BbFC304,17903
metaend.eth,0xaC1C4Bed1c7C71Fd3aFDe11e2bd4F18D969C843d,17940
improvisor.eth,0x10676738Db9601C5AF144A17C3A48C8eBDA7E353,18000
krimon.eth,0x991A527869652828540bC51501045E395d6E8e4A,18018
richmal.eth,0x8d0dAf7ddCA5C8346e0835e9B0122D136a889360,18038
codynhat.eth,0xBeB5a64793eC486B080063d3B662F2131FaC0F52,18039
xclawch.eth,0xfBb136b97BffeA6093E9Bf4E742A5e951f91384b,18056
danjm.eth,0xab26b808D15c4799C1D4A8127B34425B4A012775,18090
mtjericho.eth,0x1a79d6038fA60e49D9397FCDcEAdF4026E14422E,18095
valnine.eth,0x547932A9d2446bCE1e1d3dd1410A620cbd0e6f53,18106
dtelecom.eth,0x2201Aec4C816aaE80BA84e9064e597aBE0227a29,18110
silentjohn.eth,0x2c56CCC84bb49f6CF257AFDD8734e96A00249F6a,18145
bunbun1211.eth,0xb2b9300475aF157676C44eE64d39a5eB3C294DbD,18159
ottergiggles.eth,0xD54BAc01B0e10aF697DD75E39c857939e631A32B,18181
alive.eth,0x990a73079425D2b0ec746e3Cc989E903306bB6C7,18198
thisgirlm.eth,0xbCa3cf1bD86ec0Da4cc9B6A3be02A2E1cA516539,18284
oskarth.eth,0x2442E131CE4dC4Cd57704e394b83703d2035E381,18294
jefflau.eth,0x866B3c4994e1416B7C738B9818b31dC246b95eEE,18295
doctorwhat.eth,0x4900EB80bD15E59D221f7ffd0307B808EC6699d8,18326
abgaryan.eth,0x59450565ca22560fC959B843121A1887f3f65d82,18332
bpmilne.eth,0xDfdf1c5052B6721871095D0dF620E07927570f29,18337
mansurov.eth,0xBaf7A743bB60277f30fe83Ac8075d8C32371B6c4,18343
ryhno.eth,0x8FaF7416cBBef27855Be20fA2a5DB0378243843c,18360
bored-duck.eth,0xbFc59F03368822BF381C1995df910a24300A23AB,18379
davidcann.eth,0x587E56d974988Ab20e118D429e22113F7913AEC0,18404
alpas.eth,0xe29B7fB40150ea4B7cbC2f22e3ACFA67A8da021a,18461
0x69e.eth,0x69E2BaAf77d3E95e1c31F8596dA43Bcc7C6F0739,18528
arterialist.eth,0xB87039d390A5B05e6BdfF37F9c99fC5a451e8cE7,18546
chiranjib.eth,0x7f56a218c7056eD6C5c60e919749c037Ba983F82,18566
kaff.eth,0x1CD5C64fE81EC37294Bd6084e6d7160B2c9408d5,18613
azat.eth,0x147f138fc56629622c77f0D6c126925D55E79fF2,18623
havu68.eth,0x57c52f2Ba49360C39c3AB66A5892CDB47334d2Cb,18676
wwang.eth,0xD28788dBe433B31798F6d39c80604d79Db64bEf5,18682
0xjstin.eth,0x45d862D81d9B157bD666cD76894Dec84957A6ce9,18737
smallballs.eth,0xCDEdCee9C46284667997eB4D29f8427b696dA3df,18812
4296640.eth,0xEE11A59fA705AE0A1D22FeCdfA78a61F6a4bF9F3,18819
glitchandsoda.eth,0x1b1C1B320263A48Da85D3060832a00e404cf369f,18855
crableu.eth,0xa7CaFd18dD8bc1E23203058d66f89f0f0Ee539D9,18882
mpryor.eth,0x69220592aC4B00784D3c0af497E261b4Cd722aaf,18908
beemeeupnow.eth,0xA05B26f366035F4A797c12cbC23B87633F353337,18913
nickcrofts.eth,0x79Dd3A3306e8A854ACFe5D26238960972b252621,18930
yikosong.eth,0x6094F5eBfaD4E1c2810100a5f1e4A9C2Bf6afd00,19062
abarbatei.eth,0xb4DEBfFe85E8790581697d7ef9ffA1cA8C3e4290,19101
dubas.eth,0x78B1a53dEC02C2c8fF6ba7Da9F6CCa1F5C044C6e,19170
vexalus.eth,0x9A608d9F416518b5F11acf3dC5594C90D6998e2c,19175
unboxblock.eth,0x84b5107b4D093556dF72362e853F2ab4e25f63dD,19184
warpcasts.eth,0xc666985917490b2B54D196AC91c51ce2f99C2B09,19220
111skin.eth,0x971307EBEED0C84A1FE5eB8005BF654Bc552e33D,19243
mehdihp94.eth,0x4f5f385494A00737E6688f7B345144ac0a6FAc9b,19272
btoast777.eth,0x2Fd26e4Afc3a6e075090d88ef477fCad01A213EA,19303
amirunited82.eth,0xA1d88c02a83585696B9864F9DCc14a71670837B0,19305
garypalmerjr.eth,0x4D982788c01402C4E0f657E1192d7736084AE5a8,19330
dannygladiolas.eth,0xebcEc91f30aEF09C6187E597f8cA4f9021fA7B2F,19426
lucianito.eth,0x936Ed6f327B2D6Fb9cDaF3ddFc9D5a4eB203Cf93,19449
address.eth,0x3138f8a28b9fCf28c55Cfef5a129a82240C05636,19458
maxliquidity.eth,0x89f9C08e672C3ACBa7bD1390010029A2010Edc5D,19464
x1077.eth,0x5d6eE9493455EC1C2528357F90603b6F64a86765,19465
febbyutomo.eth,0x121E1573B7C6c15Aa4C036d54BFd2974Cf38a163,19512
berk.eth,0xc5E08104c19DAfd00Fe40737490Da9552Db5bfE5,19550
fractalvisions.eth,0xC4FC57Dedd2463314A3fD2DBadB86B4404C257e5,19613
mattegoat.eth,0x46680Bcf63526f521649141DcDa9F0900f9f0eF6,19651
bradgao.eth,0xa75e8c75F193ee0079F6C75CA7fcBE79C40C517f,19802
duckception.eth,0xC60C468730A988E6A4c9C15C68b20f7C28Af22D8,19830
ferric.eth,0xAea19106F87317B9D6100E615A11f190aD100a2b,19900
wele.eth,0x2FD99B41Cf2aD7b5b7d69CeFf4194c5d6D519781,20060
applefather.eth,0xd11B8a1399A4e21bF48bB2106c620fa7Ece7Ddf1,20066
baohungnguyen.eth,0x1908bf9Dae06BB1F6E4C7eE0f7B5D4c82D1Ba6ad,20068
edricnguyen.eth,0x20A516D8d0ccD1885DCcDfC9baf5EF5F7508d10D,20071
cayman.eth,0xbD36067de6ed68B1fCBa7dD4860C6377dC56B265,20076
hotfive.eth,0xDf6e59c6DF1E9500fd35A76FF4C62F9901E90019,20080
superfeedsai.eth,0x0c29E0c3BaF2b1546897e3594e41C605Fe184a2D,20116
lakshaysharma.eth,0x8ad92159A9fAf66cd45076c12823f50AE59e60b2,20142
samix.eth,0x9d4562a3ea114492C6553f76aC942e63ac38915B,20155
snowdot.eth,0x50b6a9BA0b1cA77Ce67c22b30aFC0a5BbBDB5a18,20156
localpublic.eth,0x510a8f519318FFa4ef4102e79e15B129b1D1dB12,20161
0xharsh.eth,0x1002871C44871bE0459974913a209dbAb79e3063,20182
0xchunli.eth,0xAdF3Bcd2d19209Feaa288Fcd0Bee97Cf5987aF5E,20196
rahulath.eth,0x1Ca049Ccd785d1400944070c665B3c3132684373,20200
matthewabg.eth,0x686ef4708068081febE8EE0B7f182b00aFd1856a,20204
thom.eth,0xCb28E9EAf9FEd40C3147FA832A4AFDEf28a8684b,20209
amiru.eth,0xD70aa9d7280E6FEe89B86f53c0B2A363478D5e94,20311
ezbek.eth,0x2373B942A8f89B4Ef561B9EA5f3b6879a1B4Ffe2,20388
andrascodes.eth,0xff001e305dCc787Da1D1ff554C25f8876A37cb22,20448
sarareynolds.eth,0x6AB6ED5594E8070bf7206cE781d2d6d9404935DF,20449
ziga.eth,0x527eD206b03780c0AA68fE7A6BB5650fBfdE007B,20573
topocount.eth,0xBFc7CAE0Fad9B346270Ae8fde24827D2D779eF07,20603
jazzlisp.eth,0x986f2d9d1bEf63aDF2dBAA73b5Aa1700FeC93296,20618
prezenti.eth,0x54E63102094ACf78464ea729367B8F23B91A971a,20620
freetreetreaty.eth,0x3dFF073eb7C81601eDf3740dcc3b29f3Fb2C39bA,20661
0xhax.eth,0x3504d2221B9a148d1eE14faB1668757899ce43e1,20687
bsodmyslf.eth,0xEAEa8DD0dC551C02C18Ea797c645F0bF8F59Baee,20752
web3sc.eth,0x6C5663eb56358ED2D0d41Bf372685D56dDd71369,20933
0xdarren.eth,0xeB01d9ef642C54F42a36Fd3A80B66F0fcb13e92a,20950
0xbotwin.eth,0x2cd46bAe54CbC59eC6f0Baa562e5813DFC1AF690,20961
selenophile.eth,0x243Ee8873E5350d2Ee9f155973F98570035FF882,20981
ramiata.eth,0x173E281498665a6D159cc1acf921eaeA5Ae745A0,20989
vankely.eth,0xb1c71734590da24aEE9E1026E19B49BfA9E29900,21010
larrylawliet.eth,0x6d0267156f1c6CE44Caa4BF129B76009d3d41830,21018
crich.eth,0x25a1B202fDC075A15a3496669F85d175AA0727a1,21042
satanworker.eth,0xBB0c110616753a961C15F24F03CB6820854DA2fd,21053
namoloka.eth,0x49df518ac5Ef19Ee3767294A0790A24706F9b88B,21107
rac.eth,0x1A4b0923B0F150b5Fa8CdFb2138D0D78b1EC85fC,21111
theyang.eth,0x2D7b28552e8f531540455D7a9b17B1f5cB6aB3cA,21123
guiltyspark.eth,0x1d18D17f45356956507702b5EB3A02E5F38dd811,21167
reks.eth,0x39Fa43Fc955c5353831af7c0594A39730068b97C,21193
ayanami.eth,0x854Eb96b83375ce5b843d34D1414c172c3e91034,21196
connort.eth,0x52127427eCb65dFD6308E22F1604f971c1d117B3,21210
0xliao.eth,0x9962aBF728fAF66F07824Dc99B5d569A9107B186,21244
candydao.eth,0xBd4f277fC9166d18c202AFf35913a8F7E53B39df,21283
heuer.eth,0xEFA21088F3830cD7d9f526eA268f7AabA34F785F,21339
floberlin.eth,0xb56238D0225c7E6155591916167C138A4Be2BABc,21370
shabi.eth,0xE04A9418CFfE0f43fd42527bD3CFc05593EAC052,21383
binrui.eth,0x66b57885E8E9D84742faBda0cE6E3496055b012d,21420
jamielottering.eth,0x205E86339B05D57f55f6A954657392bA3d15F5cB,21426
tylerterry.eth,0x16571A6E792066762a5924F822aadB1fE6802D33,21437
playbad.eth,0x39A450733FE8E0E80Ca281593B5BDE7bed209666,21455
caeeth.eth,0xd56DF186ca9468129EbaEEF08397FF7F4903200f,21468
rixcian.eth,0x6f2a88EeA710c58bbB8F2681Bf8732Bfb4350062,21521
xiaopo.eth,0x61B49a7963E7C53A13075A2fdE2A9865427aC954,21663
duynguyen.eth,0x5BF6681a73A33A076c5569a4E729f41Ae20BD901,21700
ncookie.eth,0xbE4FeAE32210f682A41e1C41e3eaF4f8204cD29E,21713
pange.eth,0x2CbD292A53a7cd3aF3edc888B81ca8Ab9C822c43,21724
arlig.eth,0xC777ea0BF0A148C5FaCC0800c4dF8AA6539467Aa,21850
c14.eth,0xd43f3716CbB9386352880a9BD52f7F07aC01752B,22099
castelian.eth,0x49437F9e3B59a1c7d3B6D66b7caF01d7Af52D02C,22113
vkleay.eth,0xDaBa93868D041dEdCc8E7446252a21CC26007631,22258
kurtpan.eth,0xb7fC44b76291ED7434bbec38FFDFDCAc4907a155,22367
0x-das.eth,0x168D8b4f50BB3aA67D05a6937B643004257118ED,22420
jackgu.eth,0x04d7BCF273C5b0DeB7cE3F59f70be6bF933C47C7,22742
zengzhi.eth,0x3290e4fdABCC1C1fdB5F55C8e0fb3139685fA273,22784
poomink.eth,0x79Bdda65C706CBdA69C0AD4C8da1d3e91724f48D,23087
desertgecko.eth,0xBd5707011F4F6c31206aF041de8DBBa74da1F1A8,23188
jacques.eth,0xF71d3dD98E952F8389B2dE529A4d03f82282bE06,23286
farhankhwaja.eth,0x8337A40985c5D410e48484deE8eBD2AD44cE1e72,23338
mariokondo.eth,0x6f208B191a80f57A4Cc8574ee6b1e57Ddc6D1289,23356
echarlesss.eth,0xc05936e6B40e47656F3a300A2650e931cbd116F2,23402
enderman.eth,0x9068eB832018AdB043364BFAfC833a90cF1c7Ef1,23413
danj0x.eth,0x21E32405336774f24C29BF1D41629C65DdE2aaEd,23830
cycal.eth,0x05a107Ae64Cf029086ee996d2599F09Cc4F2274E,23837
tithuhai.eth,0x9D32CcB03147e88f0d84DCD846e5BCEaDFA9bDD0,24070
chris24.eth,0x487c6480C33f32435F99cFa4b1E09C0D4e4165f7,24128
rayred.eth,0x25659eEfd7caE21566a257420bBcB0C8317Ef94f,24130
sunpeng.eth,0xC4A2Fe5b6676D9393335317404BBad4D0082e3d9,24151
ghostizbud.eth,0x0Aac011058e332BAb220C42FFaE2164894E04dbF,24190
pkhemapet.eth,0x83bbe9CFCc205bb8E53cBa0b51d6db9386CE58B5,27381
tylergraham.eth,0x0a7ac651bB4116A7EE439a07530f4abB97B988ed,187686
scottonchain.eth,0x05246f743f1A7A3BbC4290A978D4CeCb84cF0685,187688
jackpower.eth,0x6403E7fe6a931fe35870f55be4d1e1DED12E25A1,187742
kripcat.eth,0x979836A41DFed4fF2B26760795287F5E513cD625,187961
apecqq.eth,0x8673aaD57ce5F0FF675Df8fa5f87ee31943564D1,188109
zachsiegel.eth,0x5a0e42807aA815344DD026db6De269CE844A5569,188115
liamellul.eth,0x158191a179dCbcfA3C4B11F011fbf7AEcDd778F3,188121
meebit14657.eth,0xDdDA4D3d3ecB7aFC9EBf7Cb49cf827BB64dA79D8,188164
gausachs.eth,0xa2B1692289b1891f6BeBfAC54a3FF1192B7e9E0c,188201
nazarkk.eth,0x529f786B6cc026Ce88EE866a0De859283c216E50,188303
ochob.eth,0x0b016BDa558681b26362014EC8C455e008f96F26,188403
bublik0101.eth,0x92D4040e4f3591E60644AAa483821d1Bd87001e3,188472
artnexus.eth,0x79C4aDE4D69227B64BA60e506109034ae7Fbf0Ee,188527
gembox.eth,0x9300cF111fE80CCBB09FA1BcE08D985603a3E3d6,188544
zkbio.eth,0xb2FE752658B69bB6121Cc20fC44453cB64a41C84,188546
dropxtor.eth,0xF8378BFB1e38d1D8b9799342Aaef9016fc52137a,188661
vincentshi.eth,0x64835b44c5A6947037172532fd2F60F8de4f2939,188750
lehoai61.eth,0x6Ba5128b136cA8414589B712C42a18935061C529,188757
111kk.eth,0xacf2eE359Ab065036f65F636b9372a161410dAAA,188769
trade-ua.eth,0xCd6d3c378eFDA43CA33a523fCF56a6f09171768D,188861
yungzyad.eth,0x0A0aDAa846742cb5083fc128346D667c6e9136d2,188907
demaskfi.eth,0x8cF318B78cC805CBa2378e6De792747688B74A87,189130
nftcollective.eth,0xa29Ad67470bcA02Bb73285ca2637C167Bbe32A3D,189181
tehseen.eth,0x8c66AC5284fec2676a2c79ACc2C27e2A3df143D7,189220
reiniscouple.eth,0x1f35E74d2bB0A43fE79cA376eaD63dA7c926e455,189232
phristov.eth,0xc2175710cD06991Dd6BA6302c691BA92ed34D206,189375
artsabintsev.eth,0xaa444C1470ad2618e1ce0d7de8BF9a56C28BBCc2,189650
andreynk.eth,0xe627552C6338855983a147fa5235E5D92a3C2891,189727
nopey.eth,0xf5375b04d32B553a8813de3cE76ea625803c60f7,189748
bsmokes.eth,0xa15499E085B440b04d790cbE24e03597E3717F3A,189755
ffran.eth,0x2AF297eD114b890AA647d4686fDF5FB203963eE8,189830
cameron.eth,0x1dCD8763c01961C2BbB5ed58C6E51F55b1378589,189854
nnova.eth,0xCe5be5A35DFB634028951Ac3FA881e30E9972F73,189887
shenyu.eth,0x5F967C107d78FD81370043BD3F0CE7FFb3c562D7,190050
xosmig.eth,0xF759b83ea2F93641b6eDE84376e8874DB39a229E,190067
jsunsill.eth,0x505A01869d940c992D1522433358EF259e959be3,190140
jakobih.eth,0xfe36c596bd26a3F4E2f67542A2e1205e070929c8,190145
0xdevant.eth,0x0cBe6434b754469Ef89F7e3763fC2991979b8316,190308
phamthivan241087.eth,0x9Ca2027B17F36b3943442C1a770f80180f3C8e20,190343
kumasanki.eth,0x46b97d1cDd9B67322b0eAE602653944a723c1f3d,190350
archethect.eth,0x06C244a9BaFBC96E609A8DF32A07178552C7295a,190356
haredog.eth,0xFB9e5F5874565A6eF8FCF1DEbc4975501331a8Ca,190528
dokos.eth,0x28d9E67aA72214f90D728901Df0ddCD15B668151,190582
usmfit.eth,0x1EB2Fadbdf69920DED2d6Fa87d6ce9A4193a1522,190587
ovidijus.eth,0x507Bc4B4129f1B0444466D419572f1A8946f34E3,190589
philipmilestone.eth,0xC024C50d54D5b441B09f534FcBE4B29B4fb3ec3F,190591
hashigo.eth,0xECD02810Db92Ff027ea1b0850d46BdA963676D74,190594
zhangning.eth,0xbdc2B6Bb3658fF31CbBCf1018e86E0C107d9F518,190845
zhongbencong.eth,0x4E7f1423d56B10E58628962d92B236841C86f7D5,190864
ciefa.eth,0xe06ce2cA5418f0763E9091f5bB348707a1b65Bde,190968
lightcap.eth,0x10396451c3e8d3b9e1Fd32D4B2592Fa1dd190e73,191010
nikanikanomi.eth,0xEA4DDC1921a322Dae69458920e9c6A61d0A4f7AA,191061
layermask.eth,0x010A565eD3F310586dd79cf4a4CE918E1Af73cdA,191215
turtlepainter.eth,0x000488429Af0fe9B62F61e3F33638d3970a3CeC9,191238
davedambrosio.eth,0xF7523Cc654eA190cf5f01239Fd92f9cd83b32312,191306
6868686868.eth,0x72713894bD21D2dea4C8F4eb6D0237af8Fd2feB2,191347
eric.eth,0x47b78ACC6D29428F128Eb04B467D316e548e4B89,191475
enes.eth,0xd77baA38843bEB50aFD228a0adc85816D6c00EB7,191493
gabey.eth,0xf672715f2bA85794659a7150e8C21F8d157bFe1D,191598
iamcam.eth,0x40F845e583b188B91D75528E1D21fb23595f2951,191624
solarpunk-surfer.eth,0x0292943B5035C7b8eA8218418Bc336fD0eadeFDB,191636
